CREATE TABLE TB_ZIPCODE(
    ZIPCODE VARCHAR2(7) NOT NULL CONSTRAINT TB_ZIPCODE_ZIPCODE_PK PRIMARY KEY,
    SIDO VARCHAR2(30),
    GUGUM VARCHAR2(30),
    DONG VARCHAR2(30),
    BUNGI VARCHAR2(30)
);

INSERT INTO TB_ZIPCODE
VALUES('1','서울','GUGUM','동','BUNGI');

INSERT INTO TB_ZIPCODE
VALUES('2','서울','GUGUM','동','BUNGI');

INSERT INTO TB_ZIPCODE
VALUES('3','서울','GUGUM','동','BUNGI');

INSERT INTO TB_ZIPCODE
VALUES('4','서울','GUGUM','동','BUNGI');

INSERT INTO TB_ZIPCODE
VALUES('5','서울','GUGUM','동','BUNGI');


CREATE TABLE MEMBER(
    ID VARCHAR2(2) NOT NULL CONSTRAINT MEMBER_ID_PK PRIMARY KEY,
    PWD VARCHAR2(20),
    NAME VARCHAR2(50),
    ZIPCODE VARCHAR2(7), 
    CONSTRAINT MEMBER_ZIPCODE_FK FOREIGN KEY (ZIPCODE) REFERENCES TB_ZIPCODE(ZIPCODE),
    ADDRESS VARCHAR2(20),
    TEL VARCHAR2(13),
    INDATE DATE DEFAULT SYSDATE
);

INSERT INTO MEMBER
VALUES ('AA','1234','홍길','1','서울','01012341234','99/12/01');
INSERT INTO MEMBER (ID, PWD, NAME, ZIPCODE, ADDRESS,TEL)
VALUES ('BB','1234','홍길동','2','서울','01012341234');
INSERT INTO MEMBER
VALUES ('CC','1234','홍길순','3','서울','01016641234','99/12/21');
INSERT INTO MEMBER
VALUES ('DD','1234','홍길박','4','서울','01012346334','99/12/11');
INSERT INTO MEMBER
VALUES ('EE','1234','홍길춘','5','서울','01019541234','99/12/11');

CREATE TABLE PRODUCTS(
    PRODUCT_CODE VARCHAR2(20) NOT NULL CONSTRAINT PRODUCTS_PRODUCT_CODE_PK PRIMARY KEY,
    PRODUCT_NAME VARCHAR2(100),
    PRODUCT_KIND CHAR(1),
    PRODUCT_PRICE1 VARCHAR2(10),
    PRODUCT_PRICE2 VARCHAR2(10),
    PRODUCT_CONTENT VARCHAR2(1000),
    PRODUCT_IMAGE VARCHAR2(50),
    SIZEST VARCHAR2(5),
    SIZEET VARCHAR2(5),
    PRODUCT_QUANTITY VARCHAR2(5),
    USEYN CHAR(1),
    INDATE DATE
);

INSERT INTO PRODUCTS
VALUES('AAAAA','바나나','A','1234','12345','바나나','바나나사진','1','2','199','o','99/12/12');

INSERT INTO PRODUCTS
VALUES('AAABB','사과','A','1234','12345','사과','사과사진','1','2','199','o','99/12/12');

INSERT INTO PRODUCTS
VALUES('AAACC','파인애플','A','1234','12345','파인애플','파인애플','1','2','199','o','99/12/12');

INSERT INTO PRODUCTS
VALUES('AAADD','멜론','A','1234','12345','멜론','멜론','1','2','199','o','99/12/12');

INSERT INTO PRODUCTS
VALUES('AAAEE','수박','A','1234','12345','수박','수박사진','1','2','199','o','99/12/12');

SELECT * FROM PRODUCTS;

CREATE TABLE ORDERS(
    O_SEQ NUMBER(10) NOT NULL CONSTRAINT ORDERS_O_SEQ_PK PRIMARY KEY,
    PRODUCT_CODE VARCHAR2(20),
    CONSTRAINT ORDERS_PRODUCT_CODE_FK FOREIGN KEY (PRODUCT_CODE) REFERENCES PRODUCTS(PRODUCT_CODE),
    ID VARCHAR2(16),
    CONSTRAINT ORDERS_ID_FK FOREIGN KEY (ID) REFERENCES MEMBER(ID),
    PRODUCT_SIZE VARCHAR2(5),
    QUANTITY VARCHAR2(5),
    RESULT CHAR(1),
    INDATE DATE
);

INSERT INTO ORDERS
VALUES(1111,'AAAAA','AA','123','11','A',SYSDATE);

INSERT INTO ORDERS
VALUES(2,'AAAAA','BB','123','11','A',SYSDATE);
INSERT INTO ORDERS
VALUES(3,'AAABB','CC','123','11','A',SYSDATE);
INSERT INTO ORDERS
VALUES(4,'AAABB','DD','123','11','A',SYSDATE);
INSERT INTO ORDERS
VALUES(5,'AAACC','EE','123','11','A',SYSDATE);
INSERT INTO ORDERS
VALUES(6,'AAADD','AA','123','11','A',SYSDATE);
INSERT INTO ORDERS
VALUES(7,'AAAEE','BB','123','11','A',SYSDATE);


COMMIT;


SELECT * FROM ORDERS;
SELECT * FROM TB_ZIPCODE;
SELECT * FROM PRODUCTS;